ZIRVL-89535,2
PhbIR-71103,1
eltzl-50919,1
lzfeZ-61809,4
Tvenn-74021,3
mmDif-37894,4
uwUYQ-21396,2
oDbpX-35562,3
gIkgf-27163,4
tCUxn-49495,1
ucmJS-22891,1
ZDCAS-76916,2
HjytR-83801,2
QUTql-36103,2
xvTtP-12547,2
Zgdii-91511,1
PQbne-56642,3
xesxH-72707,3
fwfOE-24481,3
JHngO-32377,4
hnzde-62569,1
mbinW-80291,2
quzFl-14233,1
lzNuM-67126,2
OCMtE-68406,1
iBjyZ-38837,1
KUWAi-37027,2
wUgwK-36342,2
TkOfG-42275,3
tJZtA-26840,1
mglQn-42895,4
QQuKg-52346,2
UHdtS-56035,3
JomVF-36975,2
XtqoP-69796,1
TmBqX-26144,4
HwEBl-14038,3
lKWSd-11953,3
HxLUP-27896,4
wuZYE-28947,4
EcPao-49680,4
TKtqz-38550,2
xRAcW-47145,2
FfMuN-26279,4
kUyrj-64427,1
IOBEw-79526,3
VjmQe-55420,2
FGOXg-69208,3
vIOeB-59657,1
QbGMg-95166,1
xVmso-68551,4
ZXRMy-65334,1
VZbiF-44247,2
xmthW-83841,1
DezZX-95552,4
VJyol-69319,4
ScASC-58244,4
uQErf-25963,3
awbup-78381,1
xbURs-37603,3
dILEm-78610,2
ejlqn-73500,1
eFrzC-75196,1
ewRQB-99662,2
phBgy-75880,4
jzNSx-37232,3
lGIul-27029,1
plaXy-27755,2
hdKSN-71426,3
SDuFy-93768,2
jGMka-31043,2
jDZYJ-21216,2
hvOLQ-27931,1
SahMw-48010,4
HlVco-38153,1
nfcrN-65644,4
RAaHr-11463,3
IgMwj-19792,1
BekEZ-89807,3
NFveC-16436,2
PVqtI-31886,4
NHVix-56626,4
bRARh-80261,1
jQXYi-53329,4
zryQp-95079,2
SQPdz-41797,1
yclzQ-60961,2
mQilS-13113,1
QlorW-19045,3
YxzRq-15427,2
ZLXVo-49460,2
WQpHB-36543,2
TlCnl-86311,1
yWZlF-99489,3
ZTOjs-67586,4
BrnYU-80557,3
kzyRI-97164,4
pziiN-44963,1
IFDGr-90327,3
fYwCV-62001,3
znsrP-97157,3
QpRhp-58380,3
LgJjM-71102,2
nagQu-30174,3
KMYjW-58179,1
udBDN-76373,3
KeUWV-29966,2
BjLSa-38244,1
uezqX-36295,4
IIQep-21845,2
PhaYB-76981,4
ukZVl-45543,3
sKtbg-22515,1
Eebdu-18934,3
pCCju-15952,1
pDwXW-43707,4
HCCEK-23329,4
FpoDP-18766,1
GbZYz-49648,3
tfooL-96597,1
IIsTQ-40675,4
PpOej-92386,3
amSbE-99930,3
CagRd-87450,2
ooKKS-76162,1
vxojq-82977,4
sBLyx-74213,4
kefRd-67946,1
PPDhy-50007,3
CczwJ-43914,3
KrjLT-62171,3
etabq-37973,1
qewiJ-65305,2
pZjZn-10923,2
wKebT-14249,3
UPjdt-32740,1
sSZRR-56002,4
vflyT-22442,4
NqwJY-78561,4
AAqXO-28622,2
tzLlr-56977,1
VrGYh-98428,3
GEIWl-25591,1
JSzZM-32080,1
CfgVG-34071,2
PAqPa-23987,1
uPTQC-86925,2
oABOS-35276,3
GMAYO-45714,2
QWVwN-56957,2
AMNyc-96733,1
zSqOq-61356,2
YAoQB-67288,1
KoNou-71047,3
XNEmV-42269,1
oRHvV-22811,3
aFErZ-19436,1
Gbeqa-94280,4
JDQxf-89389,1
mFSGe-76938,2
Ezgia-84147,2
wadwE-59210,2
RENXB-36010,3
VuzLc-98974,1
LoGMr-24173,2
jXsDf-62368,1
jNguf-88870,1
PnFoe-81129,3
uqVqr-17554,1
UItWO-30793,1
BradU-18089,2
PFrsa-91959,2
TwYfp-63437,3
thzRE-90712,4
YRQuU-74940,4
cptCr-95173,3
hMptC-69438,4
ujlWC-72383,3
EFHWe-74793,4
XxSDX-15840,1
MxDCq-13846,4
FqkFb-26244,3
NZqrZ-73123,3
rzYmz-72357,3
ZYBsd-55781,4
fOdon-80131,1
xiZay-44153,4
KKhpW-62517,1
CaJyU-37259,1
wBVTF-84347,3
MeJDb-75215,2
CjTWu-45508,2
vTOGa-75264,4
dtpAj-85595,1
UpPIk-48948,3
IigcA-56890,4
prsIa-21868,2
jUSOK-24088,2
uZgwD-90775,4
DUnMV-54383,3
najDv-61937,4
MOsch-11377,1
Untqi-28154,3
QkWPW-97623,2
XpyCg-94064,1
xHpLW-17370,2
gPbGl-76262,4
dSLQi-34750,2
zULop-46759,2
iftDs-74743,2
ZKrgK-66997,1
ZlpCU-66568,4
LsvBg-12656,1
WLXiz-56870,4
AEFLN-56554,2
qUFJz-23259,3
KxLKH-51687,1
ZbhLr-71587,1
QmnJH-73012,1
QQuOA-76177,1
HLHJE-29327,2
xYdlH-14161,2
ItcAE-81982,1
MfodE-78596,1
dCPMR-40700,3
mKtpR-21361,3
vTiDb-31021,1
jhGDE-16072,2
FciXi-19832,4
EkFRv-23150,1
NPzcb-74285,2
CkUDz-36026,3
RXvhs-24445,2
MPYJe-51606,2
mXsGQ-37443,2
dvzvB-33392,4
bgELb-86656,3
KWOzJ-63239,1
FpcCV-94350,2
GIRfP-31979,3
rXraG-63168,1
vskZG-32522,2
lEiKg-84041,2
jDiFz-57278,3
kXfyk-94972,1
ouGqp-69629,1
urnWS-31972,2
nSLMj-56299,2
ZDPQz-66032,4
OGJiT-83461,1
zSDBp-95458,4
pfQTY-25087,1
XlpGT-52970,1
cjFId-79675,1
tHmNM-56475,2
CAcZW-71405,2
ztEGj-39327,2
QQEAS-79703,4
eMAgk-17575,4
CfLAM-44430,1
iFvaz-44480,1
DEANi-91882,3
kypYK-92043,1
KRTGK-17733,2
liIjp-10941,2
ScVJI-24235,2
mjZQZ-86769,4
uRzfM-53494,1
xbLXB-58425,4
qoWeB-69555,2
VQMly-36808,2
CATpJ-97895,4
qcmua-54423,4
XvTZv-92652,2
wBFOV-68120,4
OBkbd-79559,2
dGKcj-45355,4
sNpwu-49602,2
gvtMK-12052,1
vQDob-70540,2
rtrZU-54252,3
vgYuu-90305,4
vghzg-29807,2
WCFDl-82663,2
sRZiK-65051,2
PWnPE-99125,1
mMyOJ-43158,1
uGuCG-36537,1
zNfUG-91212,1
HtTFk-50330,3
buTly-94798,3
oFlVy-83385,1
cYwWX-68496,1
MrKtg-38204,1
CRoHg-24131,1
xIloF-51157,3
MCCJL-26169,4
RIhSg-92178,2
nEQOO-42463,3
IHHsA-51035,1
KAdCm-84170,4
vcoDO-69538,1
lEuNi-48216,4
eCjkC-76228,2
EsmkJ-44383,4
aPvRF-70211,1
ClUaz-77771,1
iQDZw-52689,4
mqgUL-32420,4
AgdwF-14011,4
TbbeO-59673,2
qlKXY-52540,3
drwZl-58334,2
FTfGZ-53957,3
RykZj-14376,1
yOhcw-37285,3
VuLGD-34655,3
twlLx-43052,3
qBhBU-11690,1
Oamxf-80536,4
PWJle-82310,4
btIzw-28355,3
vAolY-74187,2
SsVDG-41098,3
SOVDR-16897,1
hlfsc-26311,1
rxOFF-36365,1
dqpki-19923,4
iCFzZ-64668,2
myNKY-23416,2
aNoKP-45627,3
HiZoe-91502,2
pEeUg-75759,4
sEnRI-80544,2
PKkdp-73029,1
QqxxF-26499,1
EyyAI-24185,2
Kexxc-90318,2
cjVID-25853,1
BtMNC-69541,1
PPKRM-43821,3
cdYRD-55317,4
uJFJn-45748,4
DhMOl-49491,4
EWaVM-91627,1
YdxsL-25775,2
ynOJj-49305,3
oxbXG-31668,3
mWHop-22628,4
xfmPj-97450,4
aGXAN-62104,1
AHNul-85216,3
aeSen-79717,3
dkgMO-30488,3
YfeNT-40264,2
NMggn-47892,3
LgsHq-39577,1
VsJQn-45828,1
Yzpah-13385,3
ZYQJC-50566,3
rnYEU-28234,4
Zgzgr-98093,1
ZmtxC-31162,3
Iheup-48859,4
mIKKZ-70615,1
KGmHP-16554,2
QyptH-23696,2
IuxFq-15978,2
sRTFW-81876,4
VfJEY-85177,3
MDVJg-19448,1
ezEra-40245,1
xDqpR-21482,2
Durjk-89984,1
yuewo-85103,1
jmUSC-87052,1
CWogu-62884,3
PflrF-16677,2
XjaFS-21556,4
ghHkZ-43538,1
JXuHD-91742,4
cCIKh-63578,3
LADCL-59771,2
UOTdh-84123,1
jJtOx-39802,3
iQfzc-73747,2
hTzex-19304,4
pbBCQ-57239,2
gSDcE-34637,2
ECJZc-83438,1
hNyEw-91234,4
LlIXr-56721,3
vVzjQ-81239,1
ZCPmj-32647,1
KLAPS-46116,2
WvEHV-38220,4
NpnSx-59618,3
WzDmO-23633,1
BFfBj-13379,2
RIDhb-17783,1
oqGOC-70738,1
vIwhO-36069,1
vbgkX-15941,4
MVvcu-95182,3
jXZdQ-83887,1
nPksS-84297,1
VIZID-59993,2
zlGaS-43986,4
UnPGB-29266,4
CXTmj-28743,1
mlGpf-91970,3
Vryaz-64434,2
bpgcY-26458,4
PXOWR-91299,1
zWmFx-48275,1
dJjBp-10520,4
JzvXx-45959,4
SJfeN-19818,4
CxaBE-45753,3
zHaWZ-56236,4
tyBIM-68334,2
evBVE-54271,2
PCOKQ-66090,1
GGOqw-10511,3
AESap-54297,1
HAvPO-79946,2
hKnWT-93403,4
UnhcW-20105,3
Kncor-40298,2
QdxiV-86692,3
LUCMn-80942,1
uSyFV-67180,1
tYcTO-59373,4
MLRqP-73139,1
uJEyE-40505,4
AJIDe-72236,4
bwLHR-59056,3
dXTIP-40619,2
DeWHt-65007,3
hkJzA-57480,3
OnlSi-95345,4
WEDSS-27102,1
cUCCW-86481,2
MeMdY-98547,4
UuXZB-37506,4
vjHPd-18782,4
oDCaA-26774,4
wFGhL-24846,4
Pyzta-36621,3
QeYuX-82153,4
xogna-54767,3
xqiiM-42372,1
NwXQR-88461,1
epIMn-31866,1
NbotQ-79551,2
IjomC-77051,4
UjOLm-59905,4
OBnTx-40293,2
iDOiJ-84911,1
zawos-61611,3
FiHXa-96814,3
HhAqe-91449,3
XlZBw-46523,2
BlvjF-26323,1
fTVVU-81972,3
xGkwx-81513,4
PaBGL-58578,4
dQXVy-97335,2
fVRNL-35482,2
fCJFJ-71777,4
uryQM-12182,2
eArrV-78643,3
hZmSi-36839,2
YoQof-93452,3
gTfbJ-28643,3
adYdl-77256,4
lbtvZ-78761,1
klztY-35606,3
GFZDF-74144,3
TULNB-94657,2
gOqTy-38144,1
YQTpT-60900,2
NcyhJ-47414,3
ciKOg-91252,3
nAqnK-38747,4
ixXcg-68245,3
QIWai-77686,2
TmUjp-22404,3
KBvfM-56489,3
ObzdV-88651,2
CDQxP-50516,4
wmkYQ-68124,4
rpGRJ-19861,4
YgkhQ-33164,1
KZrRq-26263,2
yFLMM-79217,2
PjqGC-88636,4
xZSBF-47071,2
DuTKH-94872,2
RUStz-82108,4
qcKxZ-88544,1
UlEep-40597,2
XMKmI-39512,1
CrCTM-77543,3
fvDkc-18671,1
qQPBG-71253,3
IQqPR-22001,2
DLOiV-43931,3
MFSMc-11036,1
DbFaE-74913,1
meqRE-87106,4
lOTpH-27213,2
EuwPf-28940,3
SBEaV-24963,1
hNFuM-14019,3
Yabsd-96312,1
ymTZQ-84798,2
sDeCE-40560,1
jKmzQ-65242,2
wajJf-31637,3
vSeRf-71021,3
GuMXn-49644,1
oAAOv-11577,4
XxgEH-22061,2
yVBue-82632,2
YoeRA-53955,1
HvFpm-23685,2
eQQAQ-43497,4
KasnP-38042,2
DEwQi-36744,2
tTWRe-84240,2
dfSnj-85796,2
oUhRO-20692,4
poReK-28880,4
EfnxQ-89009,3
BzTHL-14579,1
bveIf-14910,3
shZTB-86810,1
Kbbyp-91951,1
ITCFq-44258,2
UdoPo-56568,2
KLlBF-88617,1
jxCZX-60445,1
VMSel-52825,1
Uknpf-64697,1
bTeNx-49553,1
ZMdRy-66087,4
wmIMw-28216,1
Mwmln-95488,4
hCbMe-45160,1
FefLd-90917,4
RZfDx-84727,3
EqpEt-88495,3
YLnFA-39364,1
xvmix-20738,1
gUMMB-21661,4
MfNKA-59996,3
NtNyU-30553,4
fHgGU-31903,3
DJJfg-12374,1
gZMGl-56018,2
TnlrY-22681,1
ADsyq-96340,1
AdYDQ-24433,2
ubrSP-10056,3
sIdCK-31413,1
KbOGH-12200,3
igqDu-45101,1
mSTxS-33292,2
UucZs-64772,2
ucxmH-45867,4
TAoem-20634,2
bQYCF-89034,4
uiFFh-33488,2
SzrtH-25889,1
odxBM-11469,3
bxdTJ-50934,2
XhTIJ-13309,1
asAIp-34285,2
XMhya-13093,4
xFlly-30094,4
oKlds-92433,2
QeHfy-78624,3
dnsaN-23146,1
mttgW-55395,2
XrHqS-95475,1
zLugg-71631,2
lICVE-11094,4
SEShk-84643,1
KJTbk-46748,2
Ehylm-34932,2
IUPAK-12407,2
aZVDq-15614,4
PRhZe-79643,2
gTocX-73197,4
qUjHs-55083,2
yqAKb-66775,4
uUNRi-35897,2
xFOQZ-19553,1
bKEva-31022,3
lYiHw-65967,3
yYgER-41700,4
pylFv-73047,2
gDkfb-25979,4
MClwZ-63681,3
xBUCo-68036,3
UhyuP-99781,4
yfryl-86650,3
CxJWi-72589,3
dkBAT-25058,3
XwwJf-77643,3
QNYYH-25601,2
ZfqeE-81272,2
cELQd-35738,2
OSBik-42220,1
xFVTd-33105,4
GgPrt-76724,3
jvgGc-62797,3
HHPuZ-86071,4
atUhT-60546,3
OEjOW-44503,2
zZxbF-16409,2
EugNX-66933,4
rQZKd-31720,2
KycFO-69133,3
oYZEl-76262,3
STZAh-92762,4
jtIEq-79646,2
AdSsM-47189,3
gjNjT-91018,2
nGotK-93074,4
BAjWm-11788,2
lSvrI-71775,3
CUddU-83257,1
ibHDy-40047,3
YAAGG-66482,3
bzngM-43734,2
qSSZx-24748,4
CAdvr-39145,1
nPRzQ-37360,4
XsrYC-48884,3
bxDzj-58884,2
OqagM-79246,2
njWOc-24275,1
GESPf-72438,2
MXMsq-66657,4
KuGAf-15463,1
eiNbw-62637,1
dHpSG-86168,3
XNIpw-31958,4
OCZqA-97632,3
BnpFf-43803,4
pQINo-29399,2
DpVSr-45194,2
hXQmz-85747,2
RebOd-12447,1
OZosS-57632,1
Yneba-15789,2
bwXJa-30866,1
iYTDk-20159,2
nCBTG-20023,1
XZuxe-22566,3
AZaSF-46651,1
Yrkez-47044,2
WoNGc-83433,1
gRCdl-89721,4
fgRzB-83113,3
SiRhn-82410,3
FnVeI-70376,3
VbRHA-17404,1
sTKMr-49403,4
fIrnK-78748,1
SroOA-21269,4
EkxOn-31235,3
NKWmK-47650,1
SfyaC-86654,4
KyxUd-40265,3
HzoDj-35912,3
LZSop-10528,4
wkBfz-24807,4
STSsG-33753,3
kkAAR-24507,1
FgdLO-21547,2
BpSta-70558,3
hBnSy-87337,4
fCIcS-66269,3
NDLGF-89283,1
JqfmW-90336,3
KXoNz-27545,4
bXcjH-90023,2
mDbdy-14054,1
mJYbr-60987,4
yoZYX-36126,4
pODRH-86611,3
GydYF-25305,1
jUHoF-49338,3
enGfP-10410,4
iHpRX-42794,3
vzipr-48355,4
XMcSv-85545,4
bfGbt-43862,1
FmvPz-19870,4
evAHN-79307,2
lAJJZ-84655,4
nrDnV-29818,2
kBPsR-88588,1
OMoUd-84908,4
MMhKL-23560,1
hjFxL-35788,1
JOMtC-90192,2
WGyVL-68579,3
bgtML-88548,3
OhYaj-85014,2
AeBVu-42778,1
tbTQa-31474,4
JmlRg-38004,4
DWmBa-39036,2
xODkh-18609,3
XWWqr-74399,4
PZGUd-96451,2
AyzTU-65755,1
bULYw-78956,3
fpFNp-23813,2
KFStW-77789,1
LqEpI-33661,1
EAQBR-86556,1
Ckbby-28963,4
tooGr-36412,3
mFunq-74792,4
BnpxR-10708,3
aHwMj-38556,4
SXrgM-90959,2
laTfK-77254,2
rWszC-16105,3
KWMRG-59893,2
IpycZ-60719,2
AZTGu-43400,3
gsDeJ-99677,3
UQaZM-49703,3
lCJmH-66549,2
FPrZj-24714,3
QNbkk-77873,4
YTzdi-89426,3
CgnAA-43878,2
heSWZ-17610,2
mBSWD-79424,2
NFeLY-97079,4
Eehmf-45676,2
FjpoE-25789,3
fuOjO-53785,1
RRuqp-63321,1
XsBhy-12413,3
nPCnm-41428,2
sFVnS-12474,4
NLVIB-15569,3
uENAB-10621,4
TqOnX-64652,1
iziMi-13696,1
VOCRV-83182,1
llHkW-36522,3
LcbxQ-18758,4
uJpyT-96835,2
zlIOX-16670,3
AiYTC-77647,4
eenUg-92723,4
zfEKO-13731,4
awBMI-88985,2
fvsxk-12945,2
XSSsR-81863,2
BEEVU-78576,4
VpIEK-15517,3
sHIyG-25553,2
uHglx-14429,2
elxzf-37717,2
lDCUA-23155,4
cDYsT-78717,1
eWsUV-47932,2
EGjUn-13171,1
IJNiV-10512,3
CMLiH-48041,1
UUqbW-69819,2
xBAvJ-43729,1
YkzLz-39951,3
GdweV-66462,2
CchQc-31848,2
yOtTN-61659,4
CFCDt-18030,4
GHoYp-90691,3
yZZit-35376,3
rvzmm-75346,2
jjzbG-64491,1
JheLh-69549,1
gJrQR-70489,3
fCVON-41812,4
kHADx-14839,4
spqFD-77569,4
DxIWY-54263,2
PaVsY-34249,2
RReuK-60081,1
MtCKU-38454,2
ALNfp-54144,3
hucev-60789,3
PSajE-17572,2
bmxrG-59715,4
ENxvg-69841,1
jvbtC-30002,3
kjtnH-27456,3
jqVYF-61237,3
QGWTj-19940,2
PwIQY-82503,3
YjjvF-83485,1
AwRHt-80592,3
ZbRru-49666,4
OzlCZ-31936,4
rBGXe-17783,4
SAQXY-81888,1
jisLc-73417,2
ZjtGZ-42068,2
vjtRe-82912,4
lvSwb-95595,4
hMalZ-11530,1
GAerD-93794,3
lVnvh-96369,4
AiEGO-12014,3
PAhqd-64207,1
oKkcp-76392,2
fYDEB-10977,4
EkMTZ-13720,4
UXsfv-42386,3
BNkbp-95199,2
NjJOi-67450,4
kQKYp-95907,1
YBRDD-32678,2
DnXKa-74974,3
GLhdE-45206,4
RlakX-74985,1
SeoYE-53087,4
XxFCa-89716,3
BWuVY-61847,3
JrGrt-11965,1
LiDmw-29720,3
IPAmx-62455,2
QhaBx-56347,4
oAqSg-53607,4
SFbQF-88079,1
KvBUg-89268,4
dNaOC-78679,2
QRHrD-33146,2
vbgqS-70562,2
quFQW-92892,2
dHpPz-14973,3
ZziGn-11693,4
OyhwY-39294,2
FtVas-91119,2
BSGaf-27546,1
bXvxg-49472,1
bqYPN-68559,3
DAquT-93974,4
HjQRs-41402,4
KGuEu-49151,1
yemyi-48144,3
IfThO-36183,4
xynyT-40386,4
gnNRH-29702,4
zqRZf-72889,4
VKJdN-82672,1
sQZdn-37734,1
NXLIg-67907,2
hvPAL-11014,3
UFJOO-66563,3
jMtcH-43630,3
FGpWR-61293,3
BoBhl-40799,4
myRUK-36638,2
QAhxS-71905,2
thEMG-45011,4
wNjVM-92791,4
RAxcf-20258,4
dgxjR-23022,1
LHQTz-64810,3
hQtAd-27924,3
KdFEs-75410,4
ZBmDA-82031,3
weYan-32730,2
xybmz-45141,1
aYVcp-54670,2
GpBvt-28974,1
HXIhd-64510,4
KeYjc-93267,3
oFjnH-81042,4
PldeR-38392,1
FkMkH-16772,3
TFhfl-74883,2
TrBIa-10131,3
yVFhd-99563,3
JqXuY-15211,1
wgNty-88371,1
stxHu-88249,3
qdSme-83074,2
uCbsW-46882,1
iriGp-34405,4
uniom-59660,2
MqrCU-44672,3
sUkbY-15736,3
RrBGA-12864,3
loPOC-46138,4
ftTUi-60525,4
CYXmv-42281,3
PGmhw-31484,3
TrGRl-15868,4
aKmTI-64601,4
iHxOB-63943,3
kmMkn-25182,1
Tdtut-55887,2
WTYjM-97842,4
vVYqh-27116,1
TrWmV-50619,1
xMjfI-45957,1
aUSsK-78800,4
oCmnD-91134,3
ZfEss-72104,4
ETXgu-28835,3
FuCja-31608,2
adTPN-91151,3
XJzbd-87843,4
pCWle-22599,2
bMTta-99138,1
aKwWi-51903,3
VOSmV-41151,4
OQSYa-95600,4
okirM-13548,2
IJYWu-36540,4
wqeOs-16047,1
stgTT-91978,2
gAUMl-23803,1
gNZLK-85291,4
TIpcM-23130,4
FsIFJ-67733,1
OnvkY-24051,1
bBllb-50946,2
OJvKi-59690,3
kBvXD-70131,3
JnDlx-52515,4
QjsSx-97301,1
gNGJm-48787,3
JanBG-59447,4
xwlAb-36765,1
OXvnx-13188,3
pUssq-76367,1
KmmPR-84455,4
GZTqM-23411,2
JkYxZ-98367,3
CFabR-48265,1
bABbM-89811,3
Uxxhy-57985,4
DmwXA-26327,4
rWYyj-72007,4
CHXCd-79834,1
xLSEP-93238,1
ghCzY-40478,3
cndzD-89257,3
DeuoB-16450,4
DKBJN-82337,2
ZDphB-46271,1
cgJnT-99328,2
CPpyg-97086,4
PspVR-64210,4
rKOiP-16419,2
RABKu-33418,4
LraAe-77219,3
DMmMS-79945,4
uqYBB-80730,1
ILGcM-22900,2
xHdPw-98941,2
XclSf-10147,3
cDlUy-79990,4
dKZwt-76584,3
tofGE-98008,1
TJynf-93689,4
SQHLB-43073,2
CTuNT-85338,2
MOylz-31033,1
RKDKG-81066,4
mjysG-51664,3
tSJLT-61889,3
ZzApl-18850,1
bWTno-37637,1
MiGKu-50667,1
eQYXf-67597,1
xVlcz-65205,2
hljvO-18733,2
rPhuv-71416,4
LlFay-90636,3
XgPAP-69565,3
PUIYB-36084,2
kgMAM-18181,4
kqwpM-41349,2
vtBTn-13206,4
ASHfC-95132,1
HyKMM-16958,2
THWZu-38790,4
dAcPM-24234,2
sKBfg-23421,4
RkFQj-84481,3
tlIBr-41581,4
CfDZS-48055,4
MsXYU-31979,2
KhZNC-18603,2
xJqBv-32147,2
CCPgG-46799,3
qKnOf-51032,4
hNlVe-82770,1
PSVwi-17332,3
RUszd-46762,2
IOMIQ-44411,2
ejRXf-19482,4
evKiZ-45269,1
akmkB-64046,1
KGHls-86462,1
IrhGU-94165,4
qeHyC-26420,4
vxXUa-42494,1
YlJcC-59362,3
WIngX-33460,3
BzwFV-69400,4
Bevbb-65034,1
uLhfB-45469,4
CCeuV-99815,1
elPHp-17941,4
tRUwK-73435,2
XUukw-47383,3
DgNZC-75103,1
rOhwV-82827,4
FyWRP-37921,4
WYZba-28303,2
tscdw-63502,3
AgFCS-33717,3
jsvqW-79128,1
mOkVY-99900,4
ZSCJz-49542,4
pvGIa-95992,1
kYqkc-17716,3
DKdhO-39413,3
aZbPt-44731,1
xwmol-53168,1
nFhwd-74897,4
IBqZi-51815,3
fKLso-52778,2
cRqwI-57560,1
XJJZA-74434,1
oUunu-79859,4
svyQz-43723,2
GgrxM-87366,1
caxnK-77022,4
buTMD-18801,3
jFvmc-62505,2
aMGRM-21383,3
XMhdZ-32678,1
UONCU-84008,3
kliuQ-40691,2
UNjqq-23458,1
TGIQN-75694,4
eyZAS-50869,1
FWyPt-31816,2
olUGf-17482,2
leahe-26020,4
AhXZr-44756,2
cPTxi-71581,3
EeLVy-71099,3
etPhp-82792,1
FgtBO-25524,1
aYZiw-42924,4
yuMbf-84389,3
flzXl-19997,1
JVEEc-84770,1
YsbFI-11181,2
owchx-56831,2
wNZOQ-78297,1
DipeB-21883,4
vLTgI-11445,3
YYYjv-24812,1
fdigm-63471,1
FbqvE-38103,1
AjOke-97953,2
fKcQe-27010,3
nUmXY-57809,1
wFZKI-62809,1
DSWVi-24606,3
cCXDa-52723,3
IePdc-81060,3
xNKjS-84182,3
tlMwN-95658,4
iEDVq-70790,1
paUMN-49006,2
hxPUg-50171,1
dOijF-25300,3
BbMfl-55189,3
FIptp-26516,3
lQHJu-96846,2
YEyoc-94884,4
uvDgE-39859,1
GgUQO-47794,3
MUPfO-69886,4
MGAJE-28432,4
eOSGr-29018,3
SdtrA-39777,1
jalmq-66552,2
LKDaT-90101,3
mudxA-58136,3
BkZCK-71145,4
SZkRe-54006,3
TYEed-93452,2
FrRYV-78429,3
eqVYW-22996,4
LYnVn-74197,4
YDDvQ-91214,3
TRnko-37006,1
VIKUn-66277,3
etNmY-71043,1
tkqev-13184,3
wEZBk-62450,3
EqSXi-73694,3
sruNx-98030,3
OEgIi-93500,1
GXKvA-47042,4
FDXoI-13768,4
zMMsd-83721,2
otWLr-31838,4
ldSbZ-90656,1
iJfyx-32627,4
WkMBQ-49556,3
zgIKD-94516,4
fiFXH-11666,1
jXBnN-72003,2
vXMVi-41170,2
hHWAv-72244,1
CGElw-29524,2
Apsym-56681,2
sfyIb-29021,3
BIVTX-28302,4
dbGoi-48836,1
umerh-13660,2
PcaJx-87505,2
gZCKo-48821,2
cunRc-35182,2
MSbqE-54811,2
EulJB-76982,2
iVDPU-92752,4
jzZWQ-90040,1
OBDJx-40663,2
egRHI-70125,2
vCdrL-68314,2
BhriY-12174,2
AvQkg-11260,3
UNbxt-55229,2
WSlJl-83514,4
zVPxL-97976,2
wLUxx-13239,3
KvDJg-19751,2
UFibz-96975,1
jURMH-81915,4
RaOWX-39851,1
ezzOO-98117,4
XuRuk-56893,2
njwcy-46547,4
YVGRz-10143,1
XuOLn-51406,1
WDMxz-94206,2
UJndV-52533,1
NYAMC-41071,4
PSuoa-38787,1
uHJbY-83116,3
xtoGp-42151,1
TCYRR-10568,3
vdzay-21645,4
XGQlv-79808,3
CynxX-75500,4
LpCdZ-54622,4
aCQcN-51112,1
vZdjR-58799,4
TxKqG-72418,1
xJUdy-15617,1
YfQbs-90909,1
Pzgqx-68611,3
oZGev-63914,4
ZxrEd-61674,2
PAHAw-19145,3
SzbJW-61679,3
lLDuC-57902,2
xrcIu-74333,1
zLQzd-43626,3
tYtmX-20490,4
pplSY-32636,4
LvYvk-45311,1
HNNQp-62628,1
Jcpzf-85772,1
NIXQP-72957,3
gcMxY-67920,2
xtMVq-18201,2
UsAWA-21651,1
WxPrf-90945,1
pBOkx-24931,1
kjcSq-66287,1
QTcfG-89459,3
uluzf-85579,2
vzyEZ-95166,2
UwPxV-23715,1
OftQx-18432,3
hoeLE-92872,4
DwKVu-83314,1
iqKcz-62571,4
KrvYa-58136,4
ErKTo-76844,3
bJDFx-38978,1
Lqtdw-89286,1
Ksjjd-97488,4
TdGOo-74664,1
JmHkz-33331,4
QSqWV-31882,1
OXUVL-23919,2
vzSII-34805,1
LlGar-62369,2
cjllR-63428,1
AfXmq-43566,3
nJTiu-68001,2
HzDyq-39125,3
yzDfr-42009,1
VmdLK-47278,3
IqOyz-28085,4
qPjTG-47258,1
eIhYo-84872,2
wTqcG-57956,1
dPhwa-84864,1
XDdPi-73736,1
pLruy-80614,3
LilAG-58312,4
WtBfQ-82593,2
IlCMb-94153,3
ipLWf-76880,1
rbcQN-80473,2
roaLn-44234,1
xLjnc-83558,2
fMHkS-73678,2
NlDsA-90340,2
fGLkN-20543,3
JclTu-70276,1
aYZYC-44721,2
usnHD-46052,1
vaRBA-53093,2
JJEsV-40926,3
EYVJq-76298,1
EWBeJ-66882,4
OgKUI-79366,3
cVqXi-64961,4
yjEFX-46771,4
wiXXa-44017,1
yeStt-95378,4
PailT-12823,4
IuXDO-30919,1
hqXRw-64488,3
VvgAd-24205,3
hvYJV-26132,4
tgpAz-67722,3
PxlBH-67223,3
SMVmj-63828,1
wDSLt-25645,4
LEloC-40342,3
Fbvfy-17465,1
ebvTY-44638,3
NjtJd-23920,2
TjGXM-79883,2
xHjaf-87767,3
TZBiE-34047,2
oFZzq-43559,4
vRCCX-26984,1
nucvq-92493,2
QArBs-35380,2
pPpml-27985,1
Ryxyz-10856,1
jdHWG-91275,1
MAvrX-52942,3
drNDu-81993,3
PiUNj-31781,4
GzOHk-59817,2
VlXfF-75060,4
UYCTl-18666,2
szDzH-66737,4
VaVnX-22838,2
aRujJ-96661,3
lqRrV-83280,4
KbKCz-87980,2
KREAK-23563,1
pvkzn-48140,1
rApAc-95452,2
ITgRB-27996,2
YHHWS-59044,1
LPydc-42002,1
PBEMS-77236,1
FRwzF-70572,3
nEkYz-67415,1
NjyYg-13250,3
BFOIU-13969,3
CNSHg-93298,1
iMjOS-93714,2
MeDSm-44614,1
LjXwt-96888,4
kUarZ-67412,3
FBZhi-32304,2
WiKdt-35806,1
aKyLI-81208,1
cvMTi-69016,3
RYrVW-41795,3
PvYDU-30188,1
ucvZJ-34552,3
IMcJM-41935,2
DaMIl-70427,4
wSFhC-72109,3
dKNeb-20054,1
JeGMs-86915,1
zNWAC-21664,2
zQXdi-20750,3
GBTmw-69046,4
moUed-47910,4
zbyrc-83542,2
Xehav-20951,1
MuGBU-89221,4
YNiir-22010,1
SQpnP-90442,2
vdmdW-34353,2
TqKWj-29505,4
DwrKE-21253,4
dApSw-45177,1
kPkOp-91512,1
BQYft-17097,4
lFblk-80565,3
jncfO-95737,1
LGzOf-96630,1
ZbTad-65525,4
tIDcb-34305,4
Ztrgx-23915,2
UBaMe-46026,4
fbEIN-47169,3
rMvoj-98442,1
JQrIn-14550,3
lmgpo-19180,2
ZATOK-36378,4
JiVaN-91670,3
vgzVF-68954,4
RjAgI-48457,1
jklfX-51460,4
tAoua-35180,2
IgFsZ-20230,4
vYvpn-22838,3
UWCkF-90752,1
PURTh-74037,4
tmcWh-11814,1
XjYqW-49636,2
KbKXz-59394,3
ynpbI-89067,3
HuPgl-69931,3
TZGkU-62977,2
PWZgg-10263,2
Rhyfw-73307,4
utjee-41832,4
LesxY-12821,3
RbTOw-44078,2
SHasV-89450,1
ylBSJ-55543,3
UpFnO-87381,2
JosCT-81679,1
IQUtd-61286,4
GkUos-68419,2
OsEKb-45721,2
ckBFo-62379,4
MrmSw-25553,4
DZXlW-42548,3
UCRVu-83102,4
lsQJW-24634,4
uKOmt-76446,2
LSRgv-33136,4
EbiwW-58281,4
Foxyb-50653,4
wSRXP-40910,3
UruRG-44458,3
aQSDR-77370,2
sNUkr-53382,3
VHCjr-71345,3
ryomy-30018,3
VanBP-19055,4
ZqEzu-70541,1
ocLwO-96462,1
ltqUj-84402,1
nCyHT-85058,1
xDuhu-46618,1
aCGOx-22214,1
HCePe-66458,4
DKIYk-83912,4
nvjXm-82501,3
Bnkaq-62433,1
mQxhu-41985,2
wQBXD-35774,1
Hytsn-82249,3
ZtOnS-21593,2
AGaGj-78729,1
qWqUg-28360,3
sfmYL-68031,1
sxkdT-92719,2
IKhOG-16097,3
pnREO-93554,1
ctGyh-36948,2
HPWMf-96497,1
ZyJNX-22638,3
IAZpk-53464,1
vDZBj-14185,3
DdZDA-62578,3
aTZdx-98425,4
sCiqc-76972,1
mxZqp-79275,4
WXlin-16281,3
HBGhX-84360,2
GNlSq-12959,4
jdZIP-91940,2
GPgSM-23462,4
CWrfd-44964,3
igJfo-71685,4
gfLCd-66161,3
DsMMO-55760,1
gKkkk-53758,4
jzivE-87671,2
EeFaz-77697,2
Wqkps-23393,2
NZfjP-44628,4
hTdDK-69499,1
GxGMh-37010,2
LXIWK-75189,4
Aghhm-57327,1
jQHDy-56023,4
VAsDN-78590,4
jqWXf-65646,1
ayBRI-31662,1
mwujb-62494,2
DwdDh-87822,2
pkbZi-22946,2
CnhRR-80910,3
VlurV-40336,4
bJArF-35427,2
GryXz-32010,3
AyCZa-91371,3
eMCEF-72107,2
fQZSU-34813,4
lqFqh-48705,2
eKSEl-17169,1
pEECy-57803,4
GOOYe-32629,4
uTGlO-17666,2
kpcxE-43026,3
IFXNY-76586,2
uaSUM-70525,2
PtdOV-68699,2
ojIro-52991,2
cLzWV-43022,1
ZSBGW-41975,4
syRua-56782,2
sXQEt-86139,4
mNNdo-68981,2
qDiuA-68701,3
eGWwy-18360,1
cDWnJ-53210,4
CaBqx-10234,1
Tmueb-63185,4
qAVXA-51686,4
dKNNp-64206,3
edAsn-87407,3
qYduY-91933,1
NxZmQ-81354,1
jyhEm-65650,1
YVTOe-30229,3
ScMCq-53495,1
OrqOW-61565,1
pSToE-15275,4
hBsiw-92326,1
VcaEL-41026,4
uSKBQ-69646,2
Hkibw-61064,4
HYAfS-60767,1
Idmhb-91432,2
YPlBZ-33849,1
lYGzu-46649,4
bbVxL-79969,4
ndnfg-28871,4
IdtcX-24294,2
WmSwz-55904,3
NkWhv-72075,2
iGLZp-78976,3
dsKyH-93279,3
QinWo-75301,3
fnKgy-95878,2
ULGvv-35788,3
hSOIG-90829,1
KgwSj-95928,1
nvaXe-40293,3
WnTJB-90481,3
JalFu-85650,1
UOKsB-64337,4
Jmfym-25440,3
MXHdn-84967,1
rOHfc-49127,3
VpVvQ-31049,1
Lgfay-45071,4
ZZaAB-23664,3
pxUoN-26438,3
cESpS-23695,1
ejbDz-60677,1
QuxlJ-46068,2
AdwoJ-58249,2
PGijy-77716,1
SiWvk-88385,2
cCGpX-39207,4
haroz-69047,3
qGJOX-11747,2
pkNmA-57998,1
gEiBv-37463,1
nqJJe-47957,3
dCFJU-28438,2
KrPwl-33981,1
JdQFK-42490,4
oRNET-66102,3
kIpwP-92260,2
bIoZT-46893,3
TMcjy-10185,2
ALNOr-69976,1
HbjIB-13706,2
foFVg-92135,3
waqUo-67606,2
QyiuC-30373,4
OniBm-38000,1
JFyvv-24984,2
Mcfna-56521,4
domiR-84718,3
jGgsK-62818,2
nOspG-15852,1
DZOsF-30261,2
fgLPv-90962,4
BpvoT-37523,4
KtGOb-27754,1
hNtTW-19459,1
KucsH-98298,4
BGDTw-40277,2
gQanz-57228,4
rHAQX-75868,2
IMNaw-17620,2
EfQen-51925,2
mKxQo-97720,4
eNtHU-68551,4
BQEnP-25249,2
iRtzZ-79462,4
JcRbP-80241,4
UokPu-17228,3
jWMjZ-49203,2
MetZv-92920,2
dJObJ-35346,4
NeRVK-56269,2
ytpqm-88267,3
EFnap-95352,1
pZIuk-10731,4
OxGHL-11075,3
DoIRr-82693,1
ldGvM-71780,2
fEgMR-68795,3
iaYjr-85861,2
OLFwF-38197,3
zVwBV-30109,2
RIrSI-45767,3
ypwKs-71140,4
ZmyYW-10902,2
IHxng-66221,4
uKKEu-84328,1
ayAHO-13459,3
kLxWb-51946,1
jCtYB-86207,4
mvjAZ-61377,1
NIJAi-89126,4
ZgbCV-38149,1
YFWzB-43234,4
FZAfu-28197,1
UiycM-67283,4
YmdTd-85742,3
VZtIR-12838,2
CzeBW-74729,4
TAuzj-88632,2
YyKlj-24618,3
Valtf-22942,1
usCXz-87459,3
AiTcq-78750,2
uwLJM-80461,3
HEARn-37220,3
ScrHX-83322,3
SIJRu-26865,2
xiuiN-93699,4
fjMUU-34504,4
FDsFa-72439,4
vksaA-71236,2
oaBGe-75960,3
bMszA-70070,1
qvvqw-16928,4
lHTPq-95829,1
dHPBB-13869,4
pubBu-23423,2
OGcPD-66080,4
VtgZb-56620,4
zHpGW-17749,1
eKSYL-37004,3
EZZWt-29603,2
fLoxr-10456,3
jktlf-12204,4
vKlbG-71451,3
xiHkJ-32565,1
bKBSt-91986,2
jOgVy-68434,3
ZylvI-24255,1
Mntjx-11547,4
mgiNB-10683,2
iuegQ-79126,4
ShFLX-83998,2
jyzQv-94671,1
IiKBc-49699,3
YvUvu-51830,2
aGpdv-73429,4
MoYDZ-94499,2
YnYKP-52921,4
kyfTD-95005,2
UGzBG-29002,4
svUMu-32151,1
UcRsK-91554,4
GWPnl-29563,2
xezQW-26404,1
FvtBM-89004,1
BHHwu-48410,1
vjFgE-84809,3
fmuQO-74076,3
mhqjp-77308,3
tijYP-28777,1
ZSNEs-74233,4
orNPC-20058,1
eSZCc-54591,1
OosBK-20866,1
VAKEU-68697,3
hzzRF-49044,1
GJrQC-74283,1
NVHAy-37070,1
BMXNu-37376,1
sTdNR-59373,2
VlFhj-29576,4
rZbyj-76174,3
NEzUa-88258,2
ZWLva-57019,3
UlJga-61327,4
HPzxS-51879,4
zZmZH-73644,4
ndDNy-97197,2
LFTuE-25989,1
SVJIx-87396,4
mcUdx-49578,2
bKIWm-74299,4
LdEcK-85798,1
rGZcL-67457,2
lADhQ-62544,3
HBcBJ-99836,1
yNZBc-46487,2
DotrE-71201,2
zuOnn-57280,3
aPCmD-48686,2
mQpeC-98347,4
suFNd-99558,2
BLjLC-34516,1
TRtkq-22656,1
ucCqM-83638,3
pzIBh-20298,1
LegqZ-34241,2
zhvQp-66636,1
GGGyP-72061,3
LDvtf-75817,3
ztpuf-94418,3
kggRn-99584,1
CALTn-43198,1
LqBvO-83320,4
mYFCj-37133,3
IHASI-19290,4
mFpxU-44635,4
BkjYm-42639,4
COUmP-83889,4
zakey-60293,4
cbsYJ-86135,3
wGKKL-25880,4
OTRCx-44201,2
RoEgV-40724,2
SfOxx-10408,1
KrTyB-20765,1
BOkwk-97125,3
MiejS-18662,1
kmGhL-22421,3
fPTln-35667,1
QxDpf-38806,3
lnbjY-68364,3
kipHC-44889,1
kSscZ-75206,4
QeaDq-27479,1
NzbNB-65246,1
qsPoV-54826,3
ulpgn-24901,2
UqVJT-92869,1
eBqJj-76722,2
QaJvO-10345,4
aTIiq-94764,4
ZovNs-66602,2
DkDIu-40178,4
fYEAl-13005,3
AXbfu-37666,4
iFSrE-98260,2
ULJar-25034,2
Orrmg-20094,1
NcNnJ-54932,3
ZENWf-76208,1
GcLvX-46710,3
EOSBq-82417,4
CuxEQ-41122,2
isNrN-56537,4
aWAKB-94570,4
ZEHfJ-93583,2
HWAlx-35069,2
fEvtW-43746,2
KXHtD-98034,3
Iyziq-59213,4
HKEST-86092,3
exlLI-58319,1
XCsWc-27293,4
QiMsO-49536,3
QRPfc-80965,2
Culzu-90758,2
DGanF-53376,2
ZQQrC-78932,3
FRckS-58684,4
rYIqP-40975,2
HlhDT-29220,1
BYsJE-91864,4
qivxu-78032,2
tDBfm-34435,1
aiNKb-14562,1
Yidtj-97317,2
dYPCp-56691,2
gHOog-69800,2
sRVZV-57561,4
hjkBd-89695,3
xnTOf-99104,2
KfdEd-54892,4
MpQhH-56588,1
vhlBN-16906,2
vcXYF-85161,1
DZyXs-78503,2
MSMxL-41299,1
evsNU-92514,2
EzSBF-68591,1
RsysO-46597,1
EzOBl-98232,3
HoSPb-56870,3
Oojog-81863,2
ffLzH-31263,4
Isjfe-81759,4
rWdYq-50807,1
oncZk-19867,4
oCTft-91414,4
tmsgb-20455,2
cazWn-96287,2
Xzctc-75951,3
ILcZa-44618,2
RVSrD-32379,4
pJKqN-77876,2
ZrAQj-99319,2
RpetJ-32896,1
WwfHg-88252,2
RyuZd-50026,2
YxKzH-87723,2
qdYhc-14614,2
NiIks-31762,3
tEQtM-62177,1
FEkXs-96511,2
lKdYN-11885,3
eRSRF-77957,3
FCZZk-36394,2
WwQzU-48146,1
RzfVI-93987,3
BWcvL-28444,3
phvGQ-80940,2
kAFYd-97238,3
ascho-55814,1
UYfzl-95752,4
vGcMm-97527,3
deBLD-89681,4
sYqQb-81618,1
vRKzx-65096,2
DlwtL-31933,3
kUWAF-67069,3
nsqHh-64998,2
bMDPN-21600,3
CqYwK-34284,3
YmXQu-43633,3
JanJu-93733,1
yGaDP-98772,1
iqsqC-40076,3
JpfWU-33958,4
eLKpJ-68647,1
wdoNu-65931,4
qxaZq-90101,4
YZonh-10743,2
jfmnN-91191,1
AxSuz-19620,2
BjFUj-24031,1
OlVgy-32438,4
VnjyO-84611,2
NHwVP-39625,2
vFaKT-70901,2
pLCpP-36517,4
UvBXn-67316,1
ZkIwB-15444,4
CCnHp-34634,1
zJDdv-67926,2
VXmBE-16563,1
kJMoM-60040,1
onIDM-82279,3
Pthuw-63290,4
VFnoz-72598,3
eYRji-21576,4
RsGZm-52949,1
yLBbI-63334,4
ytJdd-92756,1
LlMPj-13376,1
ylDqX-90597,2
SDoMP-68387,2
ahbdY-52016,4
FkiND-45149,1
ANeqe-63724,3
OYwGV-41025,1
DhfwU-24694,2
SnBSh-25490,3
XQodY-64342,2
bnQmj-45828,4
DEITh-89703,1
sqeQu-52950,1
pIdbi-34698,2
DAOzZ-59522,1
ephMJ-70687,3
rmVny-22756,4
WPuvw-95325,1
CsJYY-45828,1
wNoKS-11305,4
hcrKq-87871,4
CiCZt-85654,2
QfSxi-87305,3
veurD-94595,2
rORCX-95745,4
Wfatz-44836,2
jeonA-46716,1
xojac-92322,4
HFFyE-57504,3
pjZhX-69437,2
ItQhk-39183,1
mWgPg-95814,3
ViHHg-30696,2
NBCpX-31877,3
AFwXL-18148,3
LElmT-59241,4
pzBnL-73156,4
wJAjV-91373,4
Iyoki-10580,1
xSoTq-85722,3
dstfC-82250,2
vKLIQ-38523,4
ekDdV-70460,3
liApU-32556,1
KFMpQ-20313,3
GzqVk-50396,4
uYodX-79817,3
NGbBA-84201,2
vifzJ-53754,1
GrMUu-26416,4
dzuuO-34716,1
oxBkZ-59541,3
FWNyN-29327,3
bNKRn-79864,2
uEnFw-57012,3
ePGiQ-20879,4
oPyRn-25832,2
PTiQQ-64779,4
bCzlG-87845,2
KqjTw-92600,2
Etqxj-78452,1
kPBXt-90507,2
uWilu-18428,1
ghFBV-43404,4
gUrIr-62122,4
rcxZW-73757,1
ktbDl-60937,4
Wrwme-48948,2
AaEQi-69095,4
uWrrZ-99501,1
CTYJA-40792,3
DAAVL-75013,1
LYqjk-21705,4
rddDg-48888,4
atCUY-18874,4
WfBSU-92144,1
yQWzn-93419,3
eqhBf-62232,2
ZHdXI-62329,1
BcxqI-42727,1
VDxke-95944,3
HmAyJ-70241,4
MAsiz-22534,1
fvvpo-78242,1
aklNS-58040,2
STlhE-63208,1
sipXr-39668,2
yORMV-29260,2
xbvFA-61754,2
DIkcY-25831,3
tlqyd-14097,2
cXgvd-83610,4
ClYeT-61798,4
OSUbV-37187,3
imhgy-80102,3
RvvFg-98917,1
BezVS-71526,4
nawjZ-78625,1
dYeiC-40859,3
xwyHn-92629,4
qORyS-73351,2
QOcSC-47965,1
khifX-32401,3
plzhy-40368,1
EtJKI-13088,4
tdWFR-46160,3
OfxRz-49712,1
NqIoO-17111,1
EILJz-39722,1
zlfaH-17397,1
beLJN-61236,3
hEHha-44373,1
Ecueu-28974,3
VaBfz-79109,2
KeIap-98856,2
HSBMr-48689,2
Bblls-99688,1
faIzm-44579,4
LHOEH-51580,4
qnIkv-63172,2
MeSlW-22877,4
ffSFv-14106,4
uLHgd-58408,3
atxkW-84302,3
OptHG-44969,3
bQgWZ-55134,1
DaTFE-90392,3
KxBub-78015,4
KOqmR-98410,3
kKJqR-39420,1
LXagp-53731,3
lCQJe-25213,4
kAUiY-43700,4
YGzye-38855,4
dVZGH-51669,1
HvEom-27578,2
cpqDo-77525,2
mXQqZ-70957,2
yRNDN-19189,1
vlroz-23215,1
ssDfs-31798,4
WJiXU-23931,1
GqvXH-25354,3
ccpyd-46484,3
DTPAU-88212,3
sAFLI-19616,3
GflMk-37287,4
SkZdt-69348,3
wmyKG-55146,2
skffR-76074,3
erAit-77225,3
hoPrM-41474,2
Siqhj-53446,3
WPrZK-36893,1
DaDBX-42924,3
QYyHV-51764,3
exSwx-99195,3
orKka-76905,3
fwGKG-99863,2
HarzC-34177,2
RLSWi-96487,1
SVlHk-36942,1
QUZzb-39230,2
gEHLt-86512,1
bgWVP-62747,3
Rteoh-17802,3
CbCMf-62979,1
RstwG-14079,3
pLhGE-84474,4
BmWmB-81826,2
Rgzud-40563,1
wtTTB-81686,4
GWmCL-80675,3
YNwOA-79509,4
Tjfen-40024,1
DumFF-13525,2
naiON-69351,4
MSkem-39842,4
UEwjw-60062,4
PVhwO-56911,2
kmobJ-25608,1
zetnA-22900,1
FEtvH-80415,3
Hrxjr-19239,3
QwZCt-86017,3
xHapi-75692,4
pxHek-19365,3
xjpiD-10085,4
uGcKM-92599,1
nwqhG-14416,3
IhYxs-13490,1
ONZtD-31043,1
Xdzhm-79305,1
QErfv-99213,1
OoQsq-81435,1
rUieu-92864,3
GYhmI-52988,4
yrbql-64682,1
cGdCa-64141,1
IGvBN-33452,1
KwGhI-29366,4
AHYFQ-83497,3
YHGRr-86329,1
IUfHi-59642,1
PzeID-27289,4
PdWLt-22686,3
ZNrwf-45215,3
TYIqc-51435,3
AgJiQ-51385,3
sARrY-41717,2
QqgWE-11093,3
AwqmH-77660,4
pVSyP-59289,4
eTEPp-10203,1
YKkwg-92145,1
zqRhi-82510,4
cZfXF-16230,4
ErSoN-33770,3
piPGU-88933,4
iRvhg-92952,1
rnxlD-40505,2
BMRkD-87721,4
sBfPS-84967,2
wqnJk-16738,3
ChTGL-41816,4
RQgnS-24248,3
cKKgu-11612,4
Agyur-32570,4
mChGd-10768,2
imEKJ-37800,2
deGlY-86941,4
PGCrI-70182,1
HvRhi-42317,1
cnSgb-48021,3
AgpcJ-95211,4
NooOp-16050,4
ijTVW-71138,1
IQtAP-53363,1
MWTTn-30423,3
WvCpI-85703,1
iegKu-19566,2
zMIGJ-61678,2
hxgqA-94124,1
qzalx-94526,1
oCngY-29181,1
PZikC-63455,1
ekSkl-43924,4
tyqtw-98705,4
AndFo-65143,1
rciMM-38614,4
ZAvyS-79620,2
CCSLw-31576,3
YkKMQ-76043,4
WqsYm-83270,1
nSJPg-91267,1
awLJI-81943,1
ePiyD-54894,2
dhCXa-69999,1
jMGLE-72295,3
dOWXE-64904,2
YZonu-65342,1
Suqhr-13033,3
PsOqQ-41507,3
WcKqD-40360,1
swXVj-75772,2
BFyLp-47413,3
vqzNW-38895,3
vjXUg-21894,3
VBhSp-30969,2
Xjkvh-81142,2
qzDII-18520,4
ykWuB-31530,3
AMsJi-97021,1
sJSWl-53729,3
ssNNc-45584,2
Xjoye-56804,1
WjjkE-97009,2
QGkRZ-96268,1
FrmXS-28996,2
lvloU-22187,4
rBjed-48033,4
XmamC-12004,4
RilaS-50916,2
yOJYo-85602,2
uoMOC-17382,1
fcpxC-45156,3
vzaFt-89278,4
JaYtx-12574,4
sBaDq-64643,1
cMnwp-91962,1
egGHG-62679,2
ITSrO-17705,1
KdBGs-80012,3
HUVDX-42215,1
fPKfw-99974,3
wTHGW-63586,1
DVlmr-59001,1
OSgDz-75631,1
DNWGK-30686,1
cMHGq-65166,3
JjfqU-61551,4
sywBF-93166,2
bDguR-63989,2
zHunm-68116,4
dPkAz-40286,1
tFCaO-10020,1
WdEKy-20683,2
ukROZ-11013,3
xcAOd-74306,3
BcMcW-46880,3
kpEBH-42099,4
aELAt-11312,2
ARKdN-25874,2
fMLTe-78548,4
uOxVL-36978,1
tvuyg-54934,2
QMjTa-62006,1
iEbZj-75749,1
FPmlN-61800,4
KtsBz-81422,4
lsmfd-49088,2
kbdLm-33659,2
PHlek-80280,3
uZWOD-76995,1
RCmrt-84052,3
yWpZt-43686,4
zOTXo-91541,2
qIbMM-99241,4
SvkIJ-76153,1
ygYBI-54930,2
DtYxM-97352,1
hnthi-39507,2
tZgTy-40603,4
rIhEc-38644,3
Cxqnw-45434,1
AKpGo-68335,3
BUDNC-50307,3
abamf-88762,1
QOCHG-96776,1
nqkav-60714,2
upIje-84426,2
hwJMS-23593,2
BMydC-34921,2
liqqx-28481,4
GcRhp-81505,4
tMLuN-40684,1
MUpBT-55299,1
YFWSK-53068,3
uBbrt-25536,2
HgFSC-38723,1
IybPs-89766,2
YfxuI-74940,1
lpEbf-58655,1
XbeDr-82237,3
Ftgpt-95806,4
vLboW-36608,2
jStKl-19400,1
gTMzE-30237,2
KogCk-10303,3
XWCzZ-78462,3
BYdwN-91688,4
bpbjs-37317,1
UQNcx-85799,4
Fbbfe-92695,1
Zmsic-51977,2
TAZtF-38192,4
RNHdC-35374,2
GFlzw-10771,3
gyALn-72748,2
LwGiq-29408,1
EoaSy-17859,3
wBUnJ-25583,2
kpuuI-30131,4
fwjcC-74457,3
LuBjK-24691,3
EImCu-12505,1
vbcMG-65639,1
mlnqI-22345,3
RIIok-18746,1
Vtsjv-38453,3
qEKES-15577,4
ZXfnU-15657,4
AGrPC-25436,3
tulre-13077,4
zTOoy-28156,1
dPtGK-46614,4
vWLgE-43747,2
ByasP-59985,1
KZZPm-80742,4
YRnok-63300,4
fspab-53785,1
WGSvw-29233,2
pFBPl-49174,2
ZVzJx-38370,1
VxfYK-19374,1
rsQGp-55337,4
cWJtd-51671,3
foZaC-52418,4
ZfTWx-17548,4
MNyMn-30253,2
fcuEk-81971,1
uUTPR-12587,1
vhqjD-83154,2
tIEcF-44357,1
BzyKG-90711,2
adeOe-45510,4
hzZdh-88318,3
itqAo-38033,3
fGaSw-25489,3
NqEXR-81261,3
KcKVb-59335,3
mMEDw-63474,3
SXoYf-43124,1
ADOTL-50410,1
SUaGr-95234,4
jjkgY-55659,4
gSNWi-22271,4
lKCXU-37983,3
imVpq-55661,2
aqunr-70885,4
KJQcl-38603,2
AJEJB-87039,4
krAuz-28012,3
qIBtk-37808,2
imNvc-45552,1
pQZeI-89748,2
IOYEw-17632,3
QVWsv-69097,3
uOSpf-43098,3
puJLW-72320,4
RagJL-35333,3
zxDMm-11442,3
BCkxF-55437,3
kmlDG-97137,4
NfPZW-54552,4
WmQfr-63435,4
jGotE-76236,3
KCHcz-26833,1
hMYCa-11186,1
vCGzb-77088,4
WkYiZ-16318,2
tXaVy-64411,4
LGYpo-69701,4
MUIVL-14607,1
hKnDt-14089,2
DmzxJ-67017,3
Qyxuj-39620,1
QDybt-39410,1
vISsu-34450,1
pemxr-38396,3
IxdUA-80379,2
sfIhr-30878,1
alldf-43356,2
IGlwA-59983,4
jCDXf-70918,2
MTNZW-55817,3
dOJbR-52105,2
RINdD-41639,4
jAYWP-96399,4
wxtoC-58611,3
ElvcW-98709,2
pwgpW-13238,4
NwVAk-65302,1
uxLPl-78359,2
OApGb-78606,1
lOcpP-26857,3
fMhtb-34129,1
UQxkz-89468,4
MtNHo-47810,2
JNenY-60523,4
qwsve-39883,4
SIezO-85438,2
Hvcvq-56654,2
OLrgg-25472,2
GrZAX-56058,4
zfhKq-31464,4
Rfcqq-50654,4
qAaMU-18688,2
HnAcQ-88940,2
Wswyc-97868,4
NUQCn-10452,3
kvlVx-16137,3
aIast-76907,2
QLykN-35012,3
ozOXU-85125,4
DXZrS-39895,4
gCDtT-70428,3
PmfDE-23447,4
yvcqD-32337,3
HpXZo-89448,4
gPPce-58782,4
hBqYG-11666,2
CsPot-54180,2
kIoCy-89499,3
PVUzQ-80065,1
rwwJT-93341,3
DlMju-88997,2
XakHT-50477,4
hkHOp-90746,2
erFqR-84441,3
ymkuP-52305,1
PWxVY-57406,1
QMwWk-73834,1
GTTUm-62226,1
vZtTj-75023,1
MJOjE-27497,2
lQjQl-62249,4
sukRs-10044,3
PDfUS-90636,3
PIsLW-81423,4
rPHXY-83312,3
IIduw-14519,3
hGAsK-64206,3
mQwmc-11412,2
OXFgt-48138,4
mASxG-85000,1
rlitr-30607,3
jhZgt-10871,3
VLGoW-39779,4
FYltb-23386,2
exKnd-28051,3
JyyHe-66890,1
yzVWo-86670,3
EHMaY-46471,2
aMSCO-10473,1
rtXNp-90551,1
RLyHT-49229,2
vGyXS-54137,1
dSjRY-94493,3
sdCZq-41133,3
cMtts-53345,1
ZZcbs-16493,1
ozMNV-23812,3
getdJ-53380,2
BvXzC-82245,3
vxYyz-71074,2
dtcFJ-77666,2
cxfDj-71758,1
ImJcj-24485,3
GXYOa-51561,2
xJbze-49128,4
XUael-35257,1
SgBvX-83376,1
Vlrlb-67045,1
AHofT-80357,3
UiduX-96979,2
QdEMd-49390,1
WuMlQ-52970,1
wHZHa-53679,3
XcJNd-96758,3
ClvkT-44927,4
ULsrW-75661,3
jzDYY-75734,4
GaxMG-31337,4
nIMVp-12150,3
hGixO-62981,2
xOWYq-42385,4
UiVMj-55620,1
uJsXA-69207,3
yyypU-64627,4
WNNHF-96734,1
ESebi-88542,2
ZidZZ-91599,3
fkArm-28280,4
NpBXD-61568,4
DBqmD-88533,1
oSrAJ-38889,2
HAsHo-52350,2
lMyfq-53009,4
VEoAg-16075,3
ImtfB-24882,1
uoFgj-35277,4
ErQtO-74272,4
Boial-40561,4
EQnKC-21660,1
oXIXY-36055,2
pynTd-60733,2
qLCXj-48927,2
nHGPQ-56691,1
tGgPk-10523,2
bEEqJ-29296,3
kraqD-33258,1
eBasD-60595,1
wNAsi-11208,3
PKXpA-97586,3
hmPWH-93211,3
LmLRv-89799,3
LaPhy-12043,1
DwaCC-31048,3
myeHN-61438,1
Azifj-65144,2
KBwwD-91887,4
AZnIC-53120,2
pObOS-94823,4
wagMy-30212,3
MKiyG-28497,1
VftfI-33044,2
WlPSP-40977,3
NvtMw-30312,4
iCqFF-26768,2
isOVd-16651,4
rvjiI-20813,2
UwIKj-44427,4
RzibR-79782,2
nwaDu-29962,4
UYRIh-94333,3
VtCbM-40337,2
YeMpJ-33306,4
rbuxh-59048,2
VnyKx-90119,2
EmYVM-69477,2
vzzTF-29338,2
jvhOR-15905,4
nFRmP-41237,4
DwYQG-16483,2
vskxN-84293,2
YAekc-28739,2
kCefh-53439,3
mUSKw-88470,3
zqBoo-85957,2
PkeUG-27120,3
OONMq-75333,2
MscPb-30219,2
cYsKz-82050,3
cfEAc-34917,1
gdXIN-88690,4
ScLqQ-80366,1
luSls-69031,2
cIWgK-60083,1
kjVbk-31572,3
hNEbm-64132,1
RiaWL-83134,4
erthE-44908,3
uEfPc-95785,2
hvEsT-76642,1
ppqyW-44038,1
ZVQSA-35266,1
JXOXR-40612,3
MsYqs-40210,3
QbtQB-39398,3
cHlgM-55906,4
Vfqak-94696,2
xKbAZ-37385,1
tNJZE-36867,4
wvgAS-44119,1
tUfts-15175,4
MbHhO-60776,1
eJQzv-11044,1
ccwvG-49805,1
qpwbq-82778,3
mpGvo-87132,2
ntcFR-86860,2
IvyKF-77392,2
ZzzyU-36649,1
AGLhx-73217,4
DetKg-70982,3
aJiyv-78670,1
kKLjC-65585,1
VNybO-32655,1
xJcep-82885,4
ZMJgr-79118,4
CHaFh-95329,2
VfiNI-38869,1
FBpUY-21740,1
DhJys-10177,2
nhTwL-15988,4
sVdzJ-87606,1
yeyyO-31924,3
ZUQHw-75707,2
ogIRK-74808,2
acAoq-98949,4
ppefg-41837,2
CnZuw-58813,2
ueQtk-26459,2
zcOyf-25255,2
gTZiP-83118,4
ftqPi-41181,2
tZLVT-75622,3
GJSwA-81804,2
yLUBZ-78102,2
SvBxL-62888,2
yGDGI-40159,3
dGfom-98066,1
iqroV-98288,4
Ruevf-30565,4
bIDZc-21768,3
cZpcy-62402,4
cyqQd-58285,3
mUFuJ-65403,1
FWcJl-52058,1
labUu-36420,2
oqfbz-56340,1
hkDGB-27351,4
vqxQV-24590,2
uDbTK-60944,4
smYyf-10186,3
OuLTo-90149,2
drvHF-49700,1
uLytJ-22558,3
nMNOS-52986,2
VFrzp-48687,4
mQdEg-56491,3
bGrSV-67836,3
UsRoe-46271,3
iZCAj-21868,3
tvCpD-15620,3
tdJGn-92223,3
chxRO-33116,2
AmhSp-61873,1
tAqPl-89173,3
NBNMI-88503,1
TaIBr-35520,4
qJqgV-90317,1
IDaeb-89470,1
ILpUT-84435,2
XuIVb-79356,1
mnxFD-29297,3
uffYO-99369,4
AEDhJ-66391,4
ZQVYT-99080,2
HXXsX-60802,2
jIVTU-68875,3
DaFFM-30663,2
ZQXHc-43113,4
tNDHc-51449,3
sdHxU-54027,1
lhZNV-85213,4
YebPZ-27581,4
izazk-66866,3
mWmpF-87740,4
SNFbS-73766,3
FGgIT-59392,4
mtKiq-21659,2
kBQkM-46950,3
IaHzN-42655,3
FfKld-82063,2
GuZcV-39572,2
IWavy-68427,1
aaRcd-34178,3
vcaOk-48015,4
mOiLE-80792,2
TqXFa-76225,3
zBvDI-80408,1
tlpkX-38037,2
KgoPN-81889,4
nHNJO-61202,1
BbKdH-33452,3
jebJw-25533,3
eeSZF-91112,1
LTwDA-33819,4
rjoud-42405,3
NLYZD-71509,1
kZcWK-92785,1
WTMFw-10735,2
niKJw-89425,3
ubnXb-19303,2
OtjTP-96188,1
gSTpt-22488,2
EgqsU-29170,2
bdYnx-48344,4
rlqpI-88302,2
mDLtq-46399,3
gbjyd-36603,2
sCtte-87656,4
NrQqt-22048,3
rHEeS-79761,4
ITfPs-22871,3
Nyqkr-40836,4
xvJkS-22120,3
pNjnE-17726,3
PvKpJ-38713,2
tBwAi-28165,3
OzQmd-72136,1
QWqoN-41565,3
WEdQq-28442,1
MDhZR-76801,1
uOvkr-63754,2
HOTFr-51401,1
PbhgB-19560,3
IIGOq-90921,1
BFBrI-73210,4
sFRvT-62183,4
cMQTR-89465,3
yrXJM-17932,2
RUgRr-10084,1
VdACl-40766,2
CkiCU-27248,2
gwRsn-85319,1
XiZge-25074,4
SBRYO-32749,1
UwAln-76495,4
cohrS-20141,3
ffZQo-27289,1
mfGsN-53649,1
haLPJ-24917,4
WBgyj-64159,2
fNQdD-57506,4
MFaSd-56666,4
lDJYs-94764,3
WMHTM-81237,2
AttQx-45358,2
DmyFD-36372,2
VQhMt-11397,2
oSCcX-58878,1
FMLpG-53656,2
LaTAF-53663,2
hwuvp-76443,3
hbReE-65359,2
vbFUm-32041,3
pkpeJ-90300,2
nFWcM-71570,3
SggBj-19861,2
EfuLI-78996,1
xVeNK-19541,3
RmJfW-69277,3
fLXuB-12033,3
FdhPq-72620,1
TtnII-11801,2
znhXo-86913,1
iZKKl-87269,1
svWJQ-86972,4
XEjKK-64131,2
wWtDV-95806,4
rizoj-83405,3
ZhUpp-66274,4
WChjz-47560,2
FAlgb-88449,3
FgSAA-67962,2
fnjFB-41181,1
Htzbu-20459,4
gJSGb-38643,1
EikeQ-63315,4
GjsFF-51253,2
SuQQf-86766,4
fVDUX-21453,3
WoDSg-56970,3
VOMVm-59694,1
tmIDi-53580,3
QXlWa-44038,4
KkDvj-65552,3
lNGHB-78867,2
IzaZu-18197,4
LSris-48789,3
yUsaa-22787,2
bBxtO-30327,3
NYKlY-14330,1
gFCbj-24441,1
fqgPV-26286,4
NgTZQ-26258,1
LnCpy-91732,2
XDtNk-62987,2
BOBON-46048,3
GMRGh-79643,1
QVTjW-88703,4
WZBFg-24947,2
fogYb-75821,1
Eussq-63751,1
myxaw-43677,3
YZNHr-68394,1
VazjV-65276,2
PMgsr-33601,1
eSbBm-49812,3
uMgup-17491,3
JhnwJ-92436,4
dXQQG-57659,1
fABHA-27828,2
xhMuj-75345,2
SYdcL-55272,2
lEJwV-64039,2
WDruB-65836,4
EPLVI-86196,1
zRiLO-46618,1
xcwTM-75698,2
qmfDV-57750,2
gbMoI-63887,1
unUkG-31973,3
OBWGy-53252,4
TJFzz-15411,2
NxAUI-40937,4
qdCor-61218,1
gwePB-62580,3
PBMcT-76919,3
vhgrX-87819,3
ZEHYh-29722,1
CUMqj-35395,2
ySYoW-48498,3
zcPCi-91016,3
rEhkJ-46838,4
FvGxa-87231,4
FqVAV-71934,1
rwNWq-42423,2
ZUlOn-17312,3
moRyB-63389,2
OMkCB-48384,4
lkXtQ-66592,1
wCLBM-42962,4
DWaBL-21599,1
cRavr-97402,4
HDWDE-40676,1
DRRgR-50934,2
BoPVH-37838,2
eHSbN-43708,1
GMqqh-21387,1
HYkgc-33920,2
kBjZN-70769,3
qxDaL-45626,3
smPhM-94701,1
VpSYQ-47665,2
CosAg-72137,4
jWGWA-30616,4
dPcxf-82585,2
fdbDh-58288,3
lscMv-43045,3
GlqnK-33414,2
BfyQy-36362,3
XrUYY-95972,1
osygv-84136,4
Ohobs-27771,3
QBMdB-14892,3
EilBq-28835,1
ngAAw-98138,3
CbLHG-74817,4
rvxUi-84751,2
VxgSj-98062,1
etDye-99357,1
TPxaD-93072,1
ZorrT-16821,3
XsrgA-55783,4
SvacK-58190,1
kOECF-99782,1
ZJlSB-50130,1
DHBOQ-56789,2
cJUKA-81308,1
NEZnp-17871,3
vANiM-55872,1
uAekF-19634,3
UyoaM-57153,4
PHNdA-86120,1
svaoS-65136,1
MlPpt-45548,4
ATLzB-32873,4
MbfNn-62933,4
eCAxt-19779,1
EgnFZ-46540,2
YQIcM-18767,4
gRknC-70297,2
hforN-58608,3
lHmOr-92454,2
qVTCp-36825,3
NLlKI-35725,1
FKSWr-47052,4
GIJuV-91383,3
vpgbn-49256,2
gTwtz-65222,2
bDQAl-78308,3
Aqvdj-31723,3
IXBGt-53342,4
Dkbkg-51543,1
XYFHG-97872,4
ShbuJ-86388,2
BXBRi-59273,2
dKySr-88281,3
QFtiV-29221,2
uhRQn-60654,1
BakWH-95793,4
VtHeQ-89642,3
pGCwf-74882,1
xmzQu-44470,4
YPklu-53098,4
KnVUT-22135,2
OiGAa-77754,2
rbBMT-68948,2
SniQg-76600,4
fSrVo-36490,2
ZjrFe-98768,4
Wsdhh-89769,4
qgNaK-76202,1
fHjyk-97884,2
rQMVB-90771,2
jvwJf-28911,1
JXeiD-36432,1
RlGUA-43221,3
EJpBs-52777,3
JsybY-87999,2
mPkUD-74792,2
AWwVH-76063,1
jbKIQ-66633,2
ucAqk-82207,4
gaXie-20011,1
ypBoe-13811,3
qxSFs-77124,1
Otzke-45742,3
MPtmV-38581,4
jNEeD-21328,1
WCgUV-78716,1
TBFzU-45970,3
yCmjK-67975,3
CaZSI-99661,1
OahZs-98169,3
CEXUP-97015,3
lzcDx-99354,2
vvWth-82981,1
eEcHS-78211,2
fYYpS-58431,3
mvEBi-78968,2
gzYtY-40463,4
jmVXl-25084,4
tkFxr-75485,1
FETAc-17060,3
sLryg-15170,4
qqikL-97898,3
HLefo-33122,3
JSQbr-27447,1
vaEug-33488,3
DcApt-90035,1
GFSdU-79193,3
yYiCD-48339,2
ckgzO-71525,2
yRntg-42943,1
XpBAr-53019,1
UKjcO-23555,2
OMcLZ-90437,3
RYaYN-96860,2
kChKg-24864,4
VmdCj-43197,1
FUpml-79441,2
nycZp-81653,4
wlWhx-49374,4
bVPwT-61665,3
wPQoE-54451,1
KrOkx-82122,2
ZFYZC-86163,3
mudPW-70337,1
hmmBc-34437,2
UixFf-56789,2
YCGby-93873,3
yQDnS-62557,1
TbLlg-38668,3
ttRsP-12246,1
owZsj-36305,1
vwytO-82694,3
ezKec-42874,4
ydlAv-76046,2
ftbpd-63269,4
QYpDI-54218,3
BhFyf-23026,2
RdGHw-76519,3
AaTgN-63915,2
yOzYh-19334,1
ntwNY-96176,4
bbtEG-82162,4
tDpvo-74971,4
JBGBm-81265,2
lIpTw-98174,4
XlSKE-40613,1
OLoiN-69240,1
kMCfL-97171,2
EFklC-65736,2
VFlOg-68341,2
JpMtO-42059,1
wFkaC-56796,1
Igmdi-87126,4
ESbSf-71255,4
kfoiU-86452,1
bOGdY-62117,2
bJHJl-17800,4
vtwzQ-64778,2
HuYxn-82568,1
JtIsQ-86057,3
fZzqT-95500,2
PomRu-60033,3
rNzGk-49408,2
bKxtf-78393,4
bleJv-69343,4
APaxj-36396,1
OSpxX-13130,1
ySyTz-99361,4
cfrKr-57004,4
OHFse-80679,1
qBFRI-43578,1
zWyWe-82103,3
xYfuL-67554,1
vqljo-20969,1
Ssstn-73948,2
AOmuw-52758,3
pSVbn-35307,3
JXGBM-85424,4
AmMjc-69267,4
JCTzi-75853,1
ZzpkP-80041,2
yOwmy-60988,1
TYKoh-21767,2
bPAsg-95386,1
NHReS-92502,2
ZyKSh-98006,2
WcjFr-67835,4
YANQw-31975,3
HGRsJ-82355,3
FUoDc-99035,4
QoMdi-50147,4
lizTg-48876,2
gMbQL-18132,2
apFxB-18131,2
MTVcO-26747,2
EmSmw-93073,2
gBRPS-40115,1
oPyQN-41991,4
YOQSd-34113,2
hbLlx-56444,1
tgChQ-85326,1
VNIZD-15802,3
BKQaV-21874,4
EExxa-35889,1
rnQfq-33602,4
SQcUk-94248,4
hdbBG-82385,3
HULdP-10571,1
yECaN-31273,4
icrsu-83874,3
msUHE-12702,3
ocvgd-79998,3
BpvMC-88076,1
ndKeh-47890,2
wzJgV-71420,1
DsZoC-37455,1
hDcdb-83100,1
TbAHK-55383,4
yRswb-17422,1
ucKOo-88692,1
nGVpQ-94055,1
zSeEc-72470,4
ltNXN-60797,4
DSNGS-27814,3
foZam-24436,1
PSGKV-17851,4
scqtt-63864,1
fFqVH-94455,2
tRuYE-94713,3
beBYo-19811,1
EaNUc-60846,4
dAPND-81517,1
MmdcE-61326,4
WmwwA-83418,1
OKdtD-20200,1
QJDTH-27167,1
LMVDZ-84813,3
bktfs-66368,4
ZLexl-44509,2
lZoif-53208,2
FojmJ-13257,3
zwjDA-60719,2
tBKfj-93090,2
EptLY-78890,2
FgPqY-46184,3
Kibgf-99577,2
XMmsl-90436,3
IArnn-74522,2
gXzUu-94178,1
lKnWL-68170,1
xiqvW-83829,4
razWP-39274,3
yxzkX-89694,1
nCCjr-47709,1
YjoJO-49038,4
yLWMD-36494,3
